Bloco,Registro,Descrição
"Bloco 0 – Abertura, Identificação e Referências",0000,Abertura do Arquivo Digital e Identificação da Entidade
"Bloco 0 – Abertura, Identificação e Referências",0001,Abertura do Bloco 0
"Bloco 0 – Abertura, Identificação e Referências",0005,Dados Complementares da Entidade
"Bloco 0 – Abertura, Identificação e Referências",0015,Dados do Contribuinte Substituto
"Bloco 0 – Abertura, Identificação e Referências",0100,Dados do Contabilista
"Bloco 0 – Abertura, Identificação e Referências",0150,Tabela de Cadastro do Participante
"Bloco 0 – Abertura, Identificação e Referências",0175,Alteração da Tabela de Cadastro de Participante
"Bloco 0 – Abertura, Identificação e Referências",0190,Identificação das Unidades de Medida
"Bloco 0 – Abertura, Identificação e Referências",0200,Tabela de Identificação do Item (Produtos e Serviços)
"Bloco 0 – Abertura, Identificação e Referências",0205,Alteração do Item
"Bloco 0 – Abertura, Identificação e Referências",0206,Código de Produto conforme Tabela ANP
"Bloco 0 – Abertura, Identificação e Referências",0210,Consumo Específico Padronizado
"Bloco 0 – Abertura, Identificação e Referências",0220,Fatores de Conversão de Unidades
"Bloco 0 – Abertura, Identificação e Referências",0300,Cadastro de Bens ou Componentes do Ativo Imobilizado
"Bloco 0 – Abertura, Identificação e Referências",0305,Informação sobre a Utilização do Bem
"Bloco 0 – Abertura, Identificação e Referências",0400,Tabela de Natureza da Operação
"Bloco 0 – Abertura, Identificação e Referências",0450,Tabela de Informação Complementar
"Bloco 0 – Abertura, Identificação e Referências",0460,Tabela de Observações do Lançamento
"Bloco 0 – Abertura, Identificação e Referências",0500,Plano de Contas Contábeis
"Bloco 0 – Abertura, Identificação e Referências",0600,Centro de Custos
"Bloco 0 – Abertura, Identificação e Referências",0990,Encerramento do Bloco 0
Bloco C – Documentos Fiscais I – Mercadorias (ICMS/IPI),C001,Abertura do Bloco C
Bloco C – Documentos Fiscais I – Mercadorias (ICMS/IPI),C100,
Bloco C – Documentos Fiscais I – Mercadorias (ICMS/IPI),C101,
Bloco C – Documentos Fiscais I – Mercadorias (ICMS/IPI),C102,
Bloco C – Documentos Fiscais I – Mercadorias (ICMS/IPI),C103,
Bloco C – Documentos Fiscais I – Mercadorias (ICMS/IPI),C104,
Bloco C – Documentos Fiscais I – Mercadorias (ICMS/IPI),C105,
Bloco C – Documentos Fiscais I – Mercadorias (ICMS/IPI),C106,
Bloco C – Documentos Fiscais I – Mercadorias (ICMS/IPI),C107,
Bloco C – Documentos Fiscais I – Mercadorias (ICMS/IPI),C108,
Bloco C – Documentos Fiscais I – Mercadorias (ICMS/IPI),C109,
Bloco C – Documentos Fiscais I – Mercadorias (ICMS/IPI),C110,
Bloco C – Documentos Fiscais I – Mercadorias (ICMS/IPI),C111,
Bloco C – Documentos Fiscais I – Mercadorias (ICMS/IPI),C112,
Bloco C – Documentos Fiscais I – Mercadorias (ICMS/IPI),C113,
Bloco C – Documentos Fiscais I – Mercadorias (ICMS/IPI),C114,
Bloco C – Documentos Fiscais I – Mercadorias (ICMS/IPI),C115,
Bloco C – Documentos Fiscais I – Mercadorias (ICMS/IPI),C116,
Bloco C – Documentos Fiscais I – Mercadorias (ICMS/IPI),C117,
Bloco C – Documentos Fiscais I – Mercadorias (ICMS/IPI),C118,
Bloco C – Documentos Fiscais I – Mercadorias (ICMS/IPI),C119,
Bloco C – Documentos Fiscais I – Mercadorias (ICMS/IPI),C120,
Bloco C – Documentos Fiscais I – Mercadorias (ICMS/IPI),C121,
Bloco C – Documentos Fiscais I – Mercadorias (ICMS/IPI),C122,
Bloco C – Documentos Fiscais I – Mercadorias (ICMS/IPI),C123,
Bloco C – Documentos Fiscais I – Mercadorias (ICMS/IPI),C124,
Bloco C – Documentos Fiscais I – Mercadorias (ICMS/IPI),C125,
Bloco C – Documentos Fiscais I – Mercadorias (ICMS/IPI),C126,
Bloco C – Documentos Fiscais I – Mercadorias (ICMS/IPI),C127,
Bloco C – Documentos Fiscais I – Mercadorias (ICMS/IPI),C128,
Bloco C – Documentos Fiscais I – Mercadorias (ICMS/IPI),C129,
Bloco C – Documentos Fiscais I – Mercadorias (ICMS/IPI),C130,
Bloco C – Documentos Fiscais I – Mercadorias (ICMS/IPI),C131,
Bloco C – Documentos Fiscais I – Mercadorias (ICMS/IPI),C132,
Bloco C – Documentos Fiscais I – Mercadorias (ICMS/IPI),C133,
Bloco C – Documentos Fiscais I – Mercadorias (ICMS/IPI),C134,
Bloco C – Documentos Fiscais I – Mercadorias (ICMS/IPI),C135,
Bloco C – Documentos Fiscais I – Mercadorias (ICMS/IPI),C136,
Bloco C – Documentos Fiscais I – Mercadorias (ICMS/IPI),C137,
Bloco C – Documentos Fiscais I – Mercadorias (ICMS/IPI),C138,
Bloco C – Documentos Fiscais I – Mercadorias (ICMS/IPI),C139,
Bloco C – Documentos Fiscais I – Mercadorias (ICMS/IPI),C140,
Bloco C – Documentos Fiscais I – Mercadorias (ICMS/IPI),C141,
Bloco C – Documentos Fiscais I – Mercadorias (ICMS/IPI),C142,
Bloco C – Documentos Fiscais I – Mercadorias (ICMS/IPI),C143,
Bloco C – Documentos Fiscais I – Mercadorias (ICMS/IPI),C144,
Bloco C – Documentos Fiscais I – Mercadorias (ICMS/IPI),C145,
Bloco C – Documentos Fiscais I – Mercadorias (ICMS/IPI),C146,
Bloco C – Documentos Fiscais I – Mercadorias (ICMS/IPI),C147,
Bloco C – Documentos Fiscais I – Mercadorias (ICMS/IPI),C148,
Bloco C – Documentos Fiscais I – Mercadorias (ICMS/IPI),C149,
Bloco C – Documentos Fiscais I – Mercadorias (ICMS/IPI),C150,
Bloco C – Documentos Fiscais I – Mercadorias (ICMS/IPI),C151,
Bloco C – Documentos Fiscais I – Mercadorias (ICMS/IPI),C152,
Bloco C – Documentos Fiscais I – Mercadorias (ICMS/IPI),C153,
Bloco C – Documentos Fiscais I – Mercadorias (ICMS/IPI),C154,
Bloco C – Documentos Fiscais I – Mercadorias (ICMS/IPI),C155,
Bloco C – Documentos Fiscais I – Mercadorias (ICMS/IPI),C156,
Bloco C – Documentos Fiscais I – Mercadorias (ICMS/IPI),C157,
Bloco C – Documentos Fiscais I – Mercadorias (ICMS/IPI),C158,
Bloco C – Documentos Fiscais I – Mercadorias (ICMS/IPI),C159,
Bloco C – Documentos Fiscais I – Mercadorias (ICMS/IPI),C160,
Bloco C – Documentos Fiscais I – Mercadorias (ICMS/IPI),C161,
Bloco C – Documentos Fiscais I – Mercadorias (ICMS/IPI),C162,
Bloco C – Documentos Fiscais I – Mercadorias (ICMS/IPI),C163,
Bloco C – Documentos Fiscais I – Mercadorias (ICMS/IPI),C164,
Bloco C – Documentos Fiscais I – Mercadorias (ICMS/IPI),C165,
Bloco C – Documentos Fiscais I – Mercadorias (ICMS/IPI),C166,
Bloco C – Documentos Fiscais I – Mercadorias (ICMS/IPI),C167,
Bloco C – Documentos Fiscais I – Mercadorias (ICMS/IPI),C168,
Bloco C – Documentos Fiscais I – Mercadorias (ICMS/IPI),C169,
Bloco C – Documentos Fiscais I – Mercadorias (ICMS/IPI),C170,
Bloco C – Documentos Fiscais I – Mercadorias (ICMS/IPI),C171,
Bloco C – Documentos Fiscais I – Mercadorias (ICMS/IPI),C172,
Bloco C – Documentos Fiscais I – Mercadorias (ICMS/IPI),C173,
Bloco C – Documentos Fiscais I – Mercadorias (ICMS/IPI),C174,
Bloco C – Documentos Fiscais I – Mercadorias (ICMS/IPI),C175,
Bloco C – Documentos Fiscais I – Mercadorias (ICMS/IPI),C176,
Bloco C – Documentos Fiscais I – Mercadorias (ICMS/IPI),C177,
Bloco C – Documentos Fiscais I – Mercadorias (ICMS/IPI),C178,
Bloco C – Documentos Fiscais I – Mercadorias (ICMS/IPI),C179,
Bloco C – Documentos Fiscais I – Mercadorias (ICMS/IPI),C180,
Bloco C – Documentos Fiscais I – Mercadorias (ICMS/IPI),C181,
Bloco C – Documentos Fiscais I – Mercadorias (ICMS/IPI),C182,
Bloco C – Documentos Fiscais I – Mercadorias (ICMS/IPI),C183,
Bloco C – Documentos Fiscais I – Mercadorias (ICMS/IPI),C184,
Bloco C – Documentos Fiscais I – Mercadorias (ICMS/IPI),C185,
Bloco C – Documentos Fiscais I – Mercadorias (ICMS/IPI),C186,
Bloco C – Documentos Fiscais I – Mercadorias (ICMS/IPI),C187,
Bloco C – Documentos Fiscais I – Mercadorias (ICMS/IPI),C188,
Bloco C – Documentos Fiscais I – Mercadorias (ICMS/IPI),C189,
Bloco C – Documentos Fiscais I – Mercadorias (ICMS/IPI),C190,
Bloco C – Documentos Fiscais I – Mercadorias (ICMS/IPI),C191,
Bloco C – Documentos Fiscais I – Mercadorias (ICMS/IPI),C192,
Bloco C – Documentos Fiscais I – Mercadorias (ICMS/IPI),C193,
Bloco C – Documentos Fiscais I – Mercadorias (ICMS/IPI),C194,
Bloco C – Documentos Fiscais I – Mercadorias (ICMS/IPI),C195,
Bloco C – Documentos Fiscais I – Mercadorias (ICMS/IPI),C196,
Bloco C – Documentos Fiscais I – Mercadorias (ICMS/IPI),C197,
Bloco C – Documentos Fiscais I – Mercadorias (ICMS/IPI),C198,
Bloco C – Documentos Fiscais I – Mercadorias (ICMS/IPI),C199,
Bloco C – Documentos Fiscais I – Mercadorias (ICMS/IPI),C200,
Bloco C – Documentos Fiscais I – Mercadorias (ICMS/IPI),C201,
Bloco C – Documentos Fiscais I – Mercadorias (ICMS/IPI),C202,
Bloco C – Documentos Fiscais I – Mercadorias (ICMS/IPI),C203,
Bloco C – Documentos Fiscais I – Mercadorias (ICMS/IPI),C204,
Bloco C – Documentos Fiscais I – Mercadorias (ICMS/IPI),C205,
Bloco C – Documentos Fiscais I – Mercadorias (ICMS/IPI),C206,
Bloco C – Documentos Fiscais I – Mercadorias (ICMS/IPI),C207,
Bloco C – Documentos Fiscais I – Mercadorias (ICMS/IPI),C208,
Bloco C – Documentos Fiscais I – Mercadorias (ICMS/IPI),C209,
Bloco C – Documentos Fiscais I – Mercadorias (ICMS/IPI),C210,
Bloco C – Documentos Fiscais I – Mercadorias (ICMS/IPI),C211,
Bloco C – Documentos Fiscais I – Mercadorias (ICMS/IPI),C212,
Bloco C – Documentos Fiscais I – Mercadorias (ICMS/IPI),C213,
Bloco C – Documentos Fiscais I – Mercadorias (ICMS/IPI),C214,
Bloco C – Documentos Fiscais I – Mercadorias (ICMS/IPI),C215,
Bloco C – Documentos Fiscais I – Mercadorias (ICMS/IPI),C216,
Bloco C – Documentos Fiscais I – Mercadorias (ICMS/IPI),C217,
Bloco C – Documentos Fiscais I – Mercadorias (ICMS/IPI),C218,
Bloco C – Documentos Fiscais I – Mercadorias (ICMS/IPI),C219,
Bloco C – Documentos Fiscais I – Mercadorias (ICMS/IPI),C220,
Bloco C – Documentos Fiscais I – Mercadorias (ICMS/IPI),C221,
Bloco C – Documentos Fiscais I – Mercadorias (ICMS/IPI),C222,
Bloco C – Documentos Fiscais I – Mercadorias (ICMS/IPI),C223,
Bloco C – Documentos Fiscais I – Mercadorias (ICMS/IPI),C224,
Bloco C – Documentos Fiscais I – Mercadorias (ICMS/IPI),C225,
Bloco C – Documentos Fiscais I – Mercadorias (ICMS/IPI),C226,
Bloco C – Documentos Fiscais I – Mercadorias (ICMS/IPI),C227,
Bloco C – Documentos Fiscais I – Mercadorias (ICMS/IPI),C228,
Bloco C – Documentos Fiscais I – Mercadorias (ICMS/IPI),C229,
Bloco C – Documentos Fiscais I – Mercadorias (ICMS/IPI),C230,
Bloco C – Documentos Fiscais I – Mercadorias (ICMS/IPI),C231,
Bloco C – Documentos Fiscais I – Mercadorias (ICMS/IPI),C232,
Bloco C – Documentos Fiscais I – Mercadorias (ICMS/IPI),C233,
Bloco C – Documentos Fiscais I – Mercadorias (ICMS/IPI),C234,
Bloco C – Documentos Fiscais I – Mercadorias (ICMS/IPI),C235,
Bloco C – Documentos Fiscais I – Mercadorias (ICMS/IPI),C236,
Bloco C – Documentos Fiscais I – Mercadorias (ICMS/IPI),C237,
Bloco C – Documentos Fiscais I – Mercadorias (ICMS/IPI),C238,
Bloco C – Documentos Fiscais I – Mercadorias (ICMS/IPI),C239,
Bloco C – Documentos Fiscais I – Mercadorias (ICMS/IPI),C240,
Bloco C – Documentos Fiscais I – Mercadorias (ICMS/IPI),C241,
Bloco C – Documentos Fiscais I – Mercadorias (ICMS/IPI),C242,
Bloco C – Documentos Fiscais I – Mercadorias (ICMS/IPI),C243,
Bloco C – Documentos Fiscais I – Mercadorias (ICMS/IPI),C244,
Bloco C – Documentos Fiscais I – Mercadorias (ICMS/IPI),C245,
Bloco C – Documentos Fiscais I – Mercadorias (ICMS/IPI),C246,
Bloco C – Documentos Fiscais I – Mercadorias (ICMS/IPI),C247,
Bloco C – Documentos Fiscais I – Mercadorias (ICMS/IPI),C248,
Bloco C – Documentos Fiscais I – Mercadorias (ICMS/IPI),C249,
Bloco C – Documentos Fiscais I – Mercadorias (ICMS/IPI),C250,
Bloco C – Documentos Fiscais I – Mercadorias (ICMS/IPI),C251,
Bloco C – Documentos Fiscais I – Mercadorias (ICMS/IPI),C252,
Bloco C – Documentos Fiscais I – Mercadorias (ICMS/IPI),C253,
Bloco C – Documentos Fiscais I – Mercadorias (ICMS/IPI),C254,
Bloco C – Documentos Fiscais I – Mercadorias (ICMS/IPI),C255,
Bloco C – Documentos Fiscais I – Mercadorias (ICMS/IPI),C256,
Bloco C – Documentos Fiscais I – Mercadorias (ICMS/IPI),C257,
Bloco C – Documentos Fiscais I – Mercadorias (ICMS/IPI),C258,
Bloco C – Documentos Fiscais I – Mercadorias (ICMS/IPI),C259,
Bloco C – Documentos Fiscais I – Mercadorias (ICMS/IPI),C260,
Bloco C – Documentos Fiscais I – Mercadorias (ICMS/IPI),C261,
Bloco C – Documentos Fiscais I – Mercadorias (ICMS/IPI),C262,
Bloco C – Documentos Fiscais I – Mercadorias (ICMS/IPI),C263,
Bloco C – Documentos Fiscais I – Mercadorias (ICMS/IPI),C264,
Bloco C – Documentos Fiscais I – Mercadorias (ICMS/IPI),C265,
Bloco C – Documentos Fiscais I – Mercadorias (ICMS/IPI),C266,
Bloco C – Documentos Fiscais I – Mercadorias (ICMS/IPI),C267,
Bloco C – Documentos Fiscais I – Mercadorias (ICMS/IPI),C268,
Bloco C – Documentos Fiscais I – Mercadorias (ICMS/IPI),C269,
Bloco C – Documentos Fiscais I – Mercadorias (ICMS/IPI),C270,
Bloco C – Documentos Fiscais I – Mercadorias (ICMS/IPI),C271,
Bloco C – Documentos Fiscais I – Mercadorias (ICMS/IPI),C272,
Bloco C – Documentos Fiscais I – Mercadorias (ICMS/IPI),C273,
Bloco C – Documentos Fiscais I – Mercadorias (ICMS/IPI),C274,
Bloco C – Documentos Fiscais I – Mercadorias (ICMS/IPI),C275,
Bloco C – Documentos Fiscais I – Mercadorias (ICMS/IPI),C276,
Bloco C – Documentos Fiscais I – Mercadorias (ICMS/IPI),C277,
Bloco C – Documentos Fiscais I – Mercadorias (ICMS/IPI),C278,
Bloco C – Documentos Fiscais I – Mercadorias (ICMS/IPI),C279,
Bloco C – Documentos Fiscais I – Mercadorias (ICMS/IPI),C280,
Bloco C – Documentos Fiscais I – Mercadorias (ICMS/IPI),C281,
Bloco C – Documentos Fiscais I – Mercadorias (ICMS/IPI),C282,
Bloco C – Documentos Fiscais I – Mercadorias (ICMS/IPI),C283,
Bloco C – Documentos Fiscais I – Mercadorias (ICMS/IPI),C284,
Bloco C – Documentos Fiscais I – Mercadorias (ICMS/IPI),C285,
Bloco C – Documentos Fiscais I – Mercadorias (ICMS/IPI),C286,
Bloco C – Documentos Fiscais I – Mercadorias (ICMS/IPI),C287,
Bloco C – Documentos Fiscais I – Mercadorias (ICMS/IPI),C288,
Bloco C – Documentos Fiscais I – Mercadorias (ICMS/IPI),C289,
Bloco C – Documentos Fiscais I – Mercadorias (ICMS/IPI),C290,
Bloco C – Documentos Fiscais I – Mercadorias (ICMS/IPI),C291,
Bloco C – Documentos Fiscais I – Mercadorias (ICMS/IPI),C292,
Bloco C – Documentos Fiscais I – Mercadorias (ICMS/IPI),C293,
Bloco C – Documentos Fiscais I – Mercadorias (ICMS/IPI),C294,
Bloco C – Documentos Fiscais I – Mercadorias (ICMS/IPI),C295,
Bloco C – Documentos Fiscais I – Mercadorias (ICMS/IPI),C296,
Bloco C – Documentos Fiscais I – Mercadorias (ICMS/IPI),C297,
Bloco C – Documentos Fiscais I – Mercadorias (ICMS/IPI),C298,
Bloco C – Documentos Fiscais I – Mercadorias (ICMS/IPI),C299,
Bloco C – Documentos Fiscais I – Mercadorias (ICMS/IPI),C300,
Bloco C – Documentos Fiscais I – Mercadorias (ICMS/IPI),C301,
Bloco C – Documentos Fiscais I – Mercadorias (ICMS/IPI),C302,
Bloco C – Documentos Fiscais I – Mercadorias (ICMS/IPI),C303,
Bloco C – Documentos Fiscais I – Mercadorias (ICMS/IPI),C304,
Bloco C – Documentos Fiscais I – Mercadorias (ICMS/IPI),C305,
Bloco C – Documentos Fiscais I – Mercadorias (ICMS/IPI),C306,
Bloco C – Documentos Fiscais I – Mercadorias (ICMS/IPI),C307,
Bloco C – Documentos Fiscais I – Mercadorias (ICMS/IPI),C308,
Bloco C – Documentos Fiscais I – Mercadorias (ICMS/IPI),C309,
Bloco C – Documentos Fiscais I – Mercadorias (ICMS/IPI),C310,
Bloco C – Documentos Fiscais I – Mercadorias (ICMS/IPI),C311,
Bloco C – Documentos Fiscais I – Mercadorias (ICMS/IPI),C312,
Bloco C – Documentos Fiscais I – Mercadorias (ICMS/IPI),C313,
Bloco C – Documentos Fiscais I – Mercadorias (ICMS/IPI),C314,
Bloco C – Documentos Fiscais I – Mercadorias (ICMS/IPI),C315,
Bloco C – Documentos Fiscais I – Mercadorias (ICMS/IPI),C316,
Bloco C – Documentos Fiscais I – Mercadorias (ICMS/IPI),C317,
Bloco C – Documentos Fiscais I – Mercadorias (ICMS/IPI),C318,
Bloco C – Documentos Fiscais I – Mercadorias (ICMS/IPI),C319,
Bloco C – Documentos Fiscais I – Mercadorias (ICMS/IPI),C320,
Bloco C – Documentos Fiscais I – Mercadorias (ICMS/IPI),C321,
Bloco C – Documentos Fiscais I – Mercadorias (ICMS/IPI),C322,
Bloco C – Documentos Fiscais I – Mercadorias (ICMS/IPI),C323,
Bloco C – Documentos Fiscais I – Mercadorias (ICMS/IPI),C324,
Bloco C – Documentos Fiscais I – Mercadorias (ICMS/IPI),C325,
Bloco C – Documentos Fiscais I – Mercadorias (ICMS/IPI),C326,
Bloco C – Documentos Fiscais I – Mercadorias (ICMS/IPI),C327,
Bloco C – Documentos Fiscais I – Mercadorias (ICMS/IPI),C328,
Bloco C – Documentos Fiscais I – Mercadorias (ICMS/IPI),C329,
Bloco C – Documentos Fiscais I – Mercadorias (ICMS/IPI),C330,
Bloco C – Documentos Fiscais I – Mercadorias (ICMS/IPI),C331,
Bloco C – Documentos Fiscais I – Mercadorias (ICMS/IPI),C332,
Bloco C – Documentos Fiscais I – Mercadorias (ICMS/IPI),C333,
Bloco C – Documentos Fiscais I – Mercadorias (ICMS/IPI),C334,
Bloco C – Documentos Fiscais I – Mercadorias (ICMS/IPI),C335,
Bloco C – Documentos Fiscais I – Mercadorias (ICMS/IPI),C336,
Bloco C – Documentos Fiscais I – Mercadorias (ICMS/IPI),C337,
Bloco C – Documentos Fiscais I – Mercadorias (ICMS/IPI),C338,
Bloco C – Documentos Fiscais I – Mercadorias (ICMS/IPI),C339,
Bloco C – Documentos Fiscais I – Mercadorias (ICMS/IPI),C340,
Bloco C – Documentos Fiscais I – Mercadorias (ICMS/IPI),C341,
Bloco C – Documentos Fiscais I – Mercadorias (ICMS/IPI),C342,
Bloco C – Documentos Fiscais I – Mercadorias (ICMS/IPI),C343,
Bloco C – Documentos Fiscais I – Mercadorias (ICMS/IPI),C344,
Bloco C – Documentos Fiscais I – Mercadorias (ICMS/IPI),C345,
Bloco C – Documentos Fiscais I – Mercadorias (ICMS/IPI),C346,
Bloco C – Documentos Fiscais I – Mercadorias (ICMS/IPI),C347,
Bloco C – Documentos Fiscais I – Mercadorias (ICMS/IPI),C348,
Bloco C – Documentos Fiscais I – Mercadorias (ICMS/IPI),C349,
Bloco C – Documentos Fiscais I – Mercadorias (ICMS/IPI),C350,
Bloco C – Documentos Fiscais I – Mercadorias (ICMS/IPI),C351,
Bloco C – Documentos Fiscais I – Mercadorias (ICMS/IPI),C352,
Bloco C – Documentos Fiscais I – Mercadorias (ICMS/IPI),C353,
Bloco C – Documentos Fiscais I – Mercadorias (ICMS/IPI),C354,
Bloco C – Documentos Fiscais I – Mercadorias (ICMS/IPI),C355,
Bloco C – Documentos Fiscais I – Mercadorias (ICMS/IPI),C356,
Bloco C – Documentos Fiscais I – Mercadorias (ICMS/IPI),C357,
Bloco C – Documentos Fiscais I – Mercadorias (ICMS/IPI),C358,
Bloco C – Documentos Fiscais I – Mercadorias (ICMS/IPI),C359,
Bloco C – Documentos Fiscais I – Mercadorias (ICMS/IPI),C360,
Bloco C – Documentos Fiscais I – Mercadorias (ICMS/IPI),C361,
Bloco C – Documentos Fiscais I – Mercadorias (ICMS/IPI),C362,
Bloco C – Documentos Fiscais I – Mercadorias (ICMS/IPI),C363,
Bloco C – Documentos Fiscais I – Mercadorias (ICMS/IPI),C364,
Bloco C – Documentos Fiscais I – Mercadorias (ICMS/IPI),C365,
Bloco C – Documentos Fiscais I – Mercadorias (ICMS/IPI),C366,
Bloco C – Documentos Fiscais I – Mercadorias (ICMS/IPI),C367,
Bloco C – Documentos Fiscais I – Mercadorias (ICMS/IPI),C368,
Bloco C – Documentos Fiscais I – Mercadorias (ICMS/IPI),C369,
Bloco C – Documentos Fiscais I – Mercadorias (ICMS/IPI),C370,
Bloco C – Documentos Fiscais I – Mercadorias (ICMS/IPI),C371,
Bloco C – Documentos Fiscais I – Mercadorias (ICMS/IPI),C372,
Bloco C – Documentos Fiscais I – Mercadorias (ICMS/IPI),C373,
Bloco C – Documentos Fiscais I – Mercadorias (ICMS/IPI),C374,
Bloco C – Documentos Fiscais I – Mercadorias (ICMS/IPI),C375,
Bloco C – Documentos Fiscais I – Mercadorias (ICMS/IPI),C376,
Bloco C – Documentos Fiscais I – Mercadorias (ICMS/IPI),C377,
Bloco C – Documentos Fiscais I – Mercadorias (ICMS/IPI),C378,
Bloco C – Documentos Fiscais I – Mercadorias (ICMS/IPI),C379,
Bloco C – Documentos Fiscais I – Mercadorias (ICMS/IPI),C380,
Bloco C – Documentos Fiscais I – Mercadorias (ICMS/IPI),C381,
Bloco C – Documentos Fiscais I – Mercadorias (ICMS/IPI),C382,
Bloco C – Documentos Fiscais I – Mercadorias (ICMS/IPI),C383,
Bloco C – Documentos Fiscais I – Mercadorias (ICMS/IPI),C384,
Bloco C – Documentos Fiscais I – Mercadorias (ICMS/IPI),C385,
Bloco C – Documentos Fiscais I – Mercadorias (ICMS/IPI),C386,
Bloco C – Documentos Fiscais I – Mercadorias (ICMS/IPI),C387,
Bloco C – Documentos Fiscais I – Mercadorias (ICMS/IPI),C388,
Bloco C – Documentos Fiscais I – Mercadorias (ICMS/IPI),C389,
Bloco C – Documentos Fiscais I – Mercadorias (ICMS/IPI),C390,
Bloco C – Documentos Fiscais I – Mercadorias (ICMS/IPI),C391,
Bloco C – Documentos Fiscais I – Mercadorias (ICMS/IPI),C392,
Bloco C – Documentos Fiscais I – Mercadorias (ICMS/IPI),C393,
Bloco C – Documentos Fiscais I – Mercadorias (ICMS/IPI),C394,
Bloco C – Documentos Fiscais I – Mercadorias (ICMS/IPI),C395,
Bloco C – Documentos Fiscais I – Mercadorias (ICMS/IPI),C396,
Bloco C – Documentos Fiscais I – Mercadorias (ICMS/IPI),C397,
Bloco C – Documentos Fiscais I – Mercadorias (ICMS/IPI),C398,
Bloco C – Documentos Fiscais I – Mercadorias (ICMS/IPI),C399,
Bloco C – Documentos Fiscais I – Mercadorias (ICMS/IPI),C400,
Bloco C – Documentos Fiscais I – Mercadorias (ICMS/IPI),C401,
Bloco C – Documentos Fiscais I – Mercadorias (ICMS/IPI),C402,
Bloco C – Documentos Fiscais I – Mercadorias (ICMS/IPI),C403,
Bloco C – Documentos Fiscais I – Mercadorias (ICMS/IPI),C404,
Bloco C – Documentos Fiscais I – Mercadorias (ICMS/IPI),C405,
Bloco C – Documentos Fiscais I – Mercadorias (ICMS/IPI),C406,
Bloco C – Documentos Fiscais I – Mercadorias (ICMS/IPI),C407,
Bloco C – Documentos Fiscais I – Mercadorias (ICMS/IPI),C408,
Bloco C – Documentos Fiscais I – Mercadorias (ICMS/IPI),C409,
Bloco C – Documentos Fiscais I – Mercadorias (ICMS/IPI),C410,
Bloco C – Documentos Fiscais I – Mercadorias (ICMS/IPI),C411,
Bloco C – Documentos Fiscais I – Mercadorias (ICMS/IPI),C412,
Bloco C – Documentos Fiscais I – Mercadorias (ICMS/IPI),C413,
Bloco C – Documentos Fiscais I – Mercadorias (ICMS/IPI),C414,
Bloco C – Documentos Fiscais I – Mercadorias (ICMS/IPI),C415,
Bloco C – Documentos Fiscais I – Mercadorias (ICMS/IPI),C416,
Bloco C – Documentos Fiscais I – Mercadorias (ICMS/IPI),C417,
Bloco C – Documentos Fiscais I – Mercadorias (ICMS/IPI),C418,
Bloco C – Documentos Fiscais I – Mercadorias (ICMS/IPI),C419,
Bloco C – Documentos Fiscais I – Mercadorias (ICMS/IPI),C420,
Bloco C – Documentos Fiscais I – Mercadorias (ICMS/IPI),C421,
Bloco C – Documentos Fiscais I – Mercadorias (ICMS/IPI),C422,
Bloco C – Documentos Fiscais I – Mercadorias (ICMS/IPI),C423,
Bloco C – Documentos Fiscais I – Mercadorias (ICMS/IPI),C424,
Bloco C – Documentos Fiscais I – Mercadorias (ICMS/IPI),C425,
Bloco C – Documentos Fiscais I – Mercadorias (ICMS/IPI),C426,
Bloco C – Documentos Fiscais I – Mercadorias (ICMS/IPI),C427,
Bloco C – Documentos Fiscais I – Mercadorias (ICMS/IPI),C428,
Bloco C – Documentos Fiscais I – Mercadorias (ICMS/IPI),C429,
Bloco C – Documentos Fiscais I – Mercadorias (ICMS/IPI),C430,
Bloco C – Documentos Fiscais I – Mercadorias (ICMS/IPI),C431,
Bloco C – Documentos Fiscais I – Mercadorias (ICMS/IPI),C432,
Bloco C – Documentos Fiscais I – Mercadorias (ICMS/IPI),C433,
Bloco C – Documentos Fiscais I – Mercadorias (ICMS/IPI),C434,
Bloco C – Documentos Fiscais I – Mercadorias (ICMS/IPI),C435,
Bloco C – Documentos Fiscais I – Mercadorias (ICMS/IPI),C436,
Bloco C – Documentos Fiscais I – Mercadorias (ICMS/IPI),C437,
Bloco C – Documentos Fiscais I – Mercadorias (ICMS/IPI),C438,
Bloco C – Documentos Fiscais I – Mercadorias (ICMS/IPI),C439,
Bloco C – Documentos Fiscais I – Mercadorias (ICMS/IPI),C440,
Bloco C – Documentos Fiscais I – Mercadorias (ICMS/IPI),C441,
Bloco C – Documentos Fiscais I – Mercadorias (ICMS/IPI),C442,
Bloco C – Documentos Fiscais I – Mercadorias (ICMS/IPI),C443,
Bloco C – Documentos Fiscais I – Mercadorias (ICMS/IPI),C444,
Bloco C – Documentos Fiscais I – Mercadorias (ICMS/IPI),C445,
Bloco C – Documentos Fiscais I – Mercadorias (ICMS/IPI),C446,
Bloco C – Documentos Fiscais I – Mercadorias (ICMS/IPI),C447,
Bloco C – Documentos Fiscais I – Mercadorias (ICMS/IPI),C448,
Bloco C – Documentos Fiscais I – Mercadorias (ICMS/IPI),C449,
Bloco C – Documentos Fiscais I – Mercadorias (ICMS/IPI),C450,
Bloco C – Documentos Fiscais I – Mercadorias (ICMS/IPI),C451,
Bloco C – Documentos Fiscais I – Mercadorias (ICMS/IPI),C452,
Bloco C – Documentos Fiscais I – Mercadorias (ICMS/IPI),C453,
Bloco C – Documentos Fiscais I – Mercadorias (ICMS/IPI),C454,
Bloco C – Documentos Fiscais I – Mercadorias (ICMS/IPI),C455,
Bloco C – Documentos Fiscais I – Mercadorias (ICMS/IPI),C456,
Bloco C – Documentos Fiscais I – Mercadorias (ICMS/IPI),C457,
Bloco C – Documentos Fiscais I – Mercadorias (ICMS/IPI),C458,
Bloco C – Documentos Fiscais I – Mercadorias (ICMS/IPI),C459,
Bloco C – Documentos Fiscais I – Mercadorias (ICMS/IPI),C460,
Bloco C – Documentos Fiscais I – Mercadorias (ICMS/IPI),C461,
Bloco C – Documentos Fiscais I – Mercadorias (ICMS/IPI),C462,
Bloco C – Documentos Fiscais I – Mercadorias (ICMS/IPI),C463,
Bloco C – Documentos Fiscais I – Mercadorias (ICMS/IPI),C464,
Bloco C – Documentos Fiscais I – Mercadorias (ICMS/IPI),C465,
Bloco C – Documentos Fiscais I – Mercadorias (ICMS/IPI),C466,
Bloco C – Documentos Fiscais I – Mercadorias (ICMS/IPI),C467,
Bloco C – Documentos Fiscais I – Mercadorias (ICMS/IPI),C468,
Bloco C – Documentos Fiscais I – Mercadorias (ICMS/IPI),C469,
Bloco C – Documentos Fiscais I – Mercadorias (ICMS/IPI),C470,
Bloco C – Documentos Fiscais I – Mercadorias (ICMS/IPI),C471,
Bloco C – Documentos Fiscais I – Mercadorias (ICMS/IPI),C472,
Bloco C – Documentos Fiscais I – Mercadorias (ICMS/IPI),C473,
Bloco C – Documentos Fiscais I – Mercadorias (ICMS/IPI),C474,
Bloco C – Documentos Fiscais I – Mercadorias (ICMS/IPI),C475,
Bloco C – Documentos Fiscais I – Mercadorias (ICMS/IPI),C476,
Bloco C – Documentos Fiscais I – Mercadorias (ICMS/IPI),C477,
Bloco C – Documentos Fiscais I – Mercadorias (ICMS/IPI),C478,
Bloco C – Documentos Fiscais I – Mercadorias (ICMS/IPI),C479,
Bloco C – Documentos Fiscais I – Mercadorias (ICMS/IPI),C480,
Bloco C – Documentos Fiscais I – Mercadorias (ICMS/IPI),C481,
Bloco C – Documentos Fiscais I – Mercadorias (ICMS/IPI),C482,
Bloco C – Documentos Fiscais I – Mercadorias (ICMS/IPI),C483,
Bloco C – Documentos Fiscais I – Mercadorias (ICMS/IPI),C484,
Bloco C – Documentos Fiscais I – Mercadorias (ICMS/IPI),C485,
Bloco C – Documentos Fiscais I – Mercadorias (ICMS/IPI),C486,
Bloco C – Documentos Fiscais I – Mercadorias (ICMS/IPI),C487,
Bloco C – Documentos Fiscais I – Mercadorias (ICMS/IPI),C488,
Bloco C – Documentos Fiscais I – Mercadorias (ICMS/IPI),C489,
Bloco C – Documentos Fiscais I – Mercadorias (ICMS/IPI),C490,
Bloco C – Documentos Fiscais I – Mercadorias (ICMS/IPI),C491,
Bloco C – Documentos Fiscais I – Mercadorias (ICMS/IPI),C492,
Bloco C – Documentos Fiscais I – Mercadorias (ICMS/IPI),C493,
Bloco C – Documentos Fiscais I – Mercadorias (ICMS/IPI),C494,
Bloco C – Documentos Fiscais I – Mercadorias (ICMS/IPI),C495,
Bloco C – Documentos Fiscais I – Mercadorias (ICMS/IPI),C496,
Bloco C – Documentos Fiscais I – Mercadorias (ICMS/IPI),C497,
Bloco C – Documentos Fiscais I – Mercadorias (ICMS/IPI),C498,
Bloco C – Documentos Fiscais I – Mercadorias (ICMS/IPI),C499,
Bloco C – Documentos Fiscais I – Mercadorias (ICMS/IPI),C500,
Bloco C – Documentos Fiscais I – Mercadorias (ICMS/IPI),C501,
Bloco C – Documentos Fiscais I – Mercadorias (ICMS/IPI),C502,
Bloco C – Documentos Fiscais I – Mercadorias (ICMS/IPI),C503,
Bloco C – Documentos Fiscais I – Mercadorias (ICMS/IPI),C504,
Bloco C – Documentos Fiscais I – Mercadorias (ICMS/IPI),C505,
Bloco C – Documentos Fiscais I – Mercadorias (ICMS/IPI),C506,
Bloco C – Documentos Fiscais I – Mercadorias (ICMS/IPI),C507,
Bloco C – Documentos Fiscais I – Mercadorias (ICMS/IPI),C508,
Bloco C – Documentos Fiscais I – Mercadorias (ICMS/IPI),C509,
Bloco C – Documentos Fiscais I – Mercadorias (ICMS/IPI),C510,
Bloco C – Documentos Fiscais I – Mercadorias (ICMS/IPI),C511,
Bloco C – Documentos Fiscais I – Mercadorias (ICMS/IPI),C512,
Bloco C – Documentos Fiscais I – Mercadorias (ICMS/IPI),C513,
Bloco C – Documentos Fiscais I – Mercadorias (ICMS/IPI),C514,
Bloco C – Documentos Fiscais I – Mercadorias (ICMS/IPI),C515,
Bloco C – Documentos Fiscais I – Mercadorias (ICMS/IPI),C516,
Bloco C – Documentos Fiscais I – Mercadorias (ICMS/IPI),C517,
Bloco C – Documentos Fiscais I – Mercadorias (ICMS/IPI),C518,
Bloco C – Documentos Fiscais I – Mercadorias (ICMS/IPI),C519,
Bloco C – Documentos Fiscais I – Mercadorias (ICMS/IPI),C520,
Bloco C – Documentos Fiscais I – Mercadorias (ICMS/IPI),C521,
Bloco C – Documentos Fiscais I – Mercadorias (ICMS/IPI),C522,
Bloco C – Documentos Fiscais I – Mercadorias (ICMS/IPI),C523,
Bloco C – Documentos Fiscais I – Mercadorias (ICMS/IPI),C524,
Bloco C – Documentos Fiscais I – Mercadorias (ICMS/IPI),C525,
Bloco C – Documentos Fiscais I – Mercadorias (ICMS/IPI),C526,
Bloco C – Documentos Fiscais I – Mercadorias (ICMS/IPI),C527,
Bloco C – Documentos Fiscais I – Mercadorias (ICMS/IPI),C528,
Bloco C – Documentos Fiscais I – Mercadorias (ICMS/IPI),C529,
Bloco C – Documentos Fiscais I – Mercadorias (ICMS/IPI),C530,
Bloco C – Documentos Fiscais I – Mercadorias (ICMS/IPI),C531,
Bloco C – Documentos Fiscais I – Mercadorias (ICMS/IPI),C532,
Bloco C – Documentos Fiscais I – Mercadorias (ICMS/IPI),C533,
Bloco C – Documentos Fiscais I – Mercadorias (ICMS/IPI),C534,
Bloco C – Documentos Fiscais I – Mercadorias (ICMS/IPI),C535,
Bloco C – Documentos Fiscais I – Mercadorias (ICMS/IPI),C536,
Bloco C – Documentos Fiscais I – Mercadorias (ICMS/IPI),C537,
Bloco C – Documentos Fiscais I – Mercadorias (ICMS/IPI),C538,
Bloco C – Documentos Fiscais I – Mercadorias (ICMS/IPI),C539,
Bloco C – Documentos Fiscais I – Mercadorias (ICMS/IPI),C540,
Bloco C – Documentos Fiscais I – Mercadorias (ICMS/IPI),C541,
Bloco C – Documentos Fiscais I – Mercadorias (ICMS/IPI),C542,
Bloco C – Documentos Fiscais I – Mercadorias (ICMS/IPI),C543,
Bloco C – Documentos Fiscais I – Mercadorias (ICMS/IPI),C544,
Bloco C – Documentos Fiscais I – Mercadorias (ICMS/IPI),C545,
Bloco C – Documentos Fiscais I – Mercadorias (ICMS/IPI),C546,
Bloco C – Documentos Fiscais I – Mercadorias (ICMS/IPI),C547,
Bloco C – Documentos Fiscais I – Mercadorias (ICMS/IPI),C548,
Bloco C – Documentos Fiscais I – Mercadorias (ICMS/IPI),C549,
Bloco C – Documentos Fiscais I – Mercadorias (ICMS/IPI),C550,
Bloco C – Documentos Fiscais I – Mercadorias (ICMS/IPI),C551,
Bloco C – Documentos Fiscais I – Mercadorias (ICMS/IPI),C552,
Bloco C – Documentos Fiscais I – Mercadorias (ICMS/IPI),C553,
Bloco C – Documentos Fiscais I – Mercadorias (ICMS/IPI),C554,
Bloco C – Documentos Fiscais I – Mercadorias (ICMS/IPI),C555,
Bloco C – Documentos Fiscais I – Mercadorias (ICMS/IPI),C556,
Bloco C – Documentos Fiscais I – Mercadorias (ICMS/IPI),C557,
Bloco C – Documentos Fiscais I – Mercadorias (ICMS/IPI),C558,
Bloco C – Documentos Fiscais I – Mercadorias (ICMS/IPI),C559,
Bloco C – Documentos Fiscais I – Mercadorias (ICMS/IPI),C560,
Bloco C – Documentos Fiscais I – Mercadorias (ICMS/IPI),C561,
Bloco C – Documentos Fiscais I – Mercadorias (ICMS/IPI),C562,
Bloco C – Documentos Fiscais I – Mercadorias (ICMS/IPI),C563,
Bloco C – Documentos Fiscais I – Mercadorias (ICMS/IPI),C564,
Bloco C – Documentos Fiscais I – Mercadorias (ICMS/IPI),C565,
Bloco C – Documentos Fiscais I – Mercadorias (ICMS/IPI),C566,
Bloco C – Documentos Fiscais I – Mercadorias (ICMS/IPI),C567,
Bloco C – Documentos Fiscais I – Mercadorias (ICMS/IPI),C568,
Bloco C – Documentos Fiscais I – Mercadorias (ICMS/IPI),C569,
Bloco C – Documentos Fiscais I – Mercadorias (ICMS/IPI),C570,
Bloco C – Documentos Fiscais I – Mercadorias (ICMS/IPI),C571,
Bloco C – Documentos Fiscais I – Mercadorias (ICMS/IPI),C572,
Bloco C – Documentos Fiscais I – Mercadorias (ICMS/IPI),C573,
Bloco C – Documentos Fiscais I – Mercadorias (ICMS/IPI),C574,
Bloco C – Documentos Fiscais I – Mercadorias (ICMS/IPI),C575,
Bloco C – Documentos Fiscais I – Mercadorias (ICMS/IPI),C576,
Bloco C – Documentos Fiscais I – Mercadorias (ICMS/IPI),C577,
Bloco C – Documentos Fiscais I – Mercadorias (ICMS/IPI),C578,
Bloco C – Documentos Fiscais I – Mercadorias (ICMS/IPI),C579,
Bloco C – Documentos Fiscais I – Mercadorias (ICMS/IPI),C580,
Bloco C – Documentos Fiscais I – Mercadorias (ICMS/IPI),C581,
Bloco C – Documentos Fiscais I – Mercadorias (ICMS/IPI),C582,
Bloco C – Documentos Fiscais I – Mercadorias (ICMS/IPI),C583,
Bloco C – Documentos Fiscais I – Mercadorias (ICMS/IPI),C584,
Bloco C – Documentos Fiscais I – Mercadorias (ICMS/IPI),C585,
Bloco C – Documentos Fiscais I – Mercadorias (ICMS/IPI),C586,
Bloco C – Documentos Fiscais I – Mercadorias (ICMS/IPI),C587,
Bloco C – Documentos Fiscais I – Mercadorias (ICMS/IPI),C588,
Bloco C – Documentos Fiscais I – Mercadorias (ICMS/IPI),C589,
Bloco C – Documentos Fiscais I – Mercadorias (ICMS/IPI),C590,
Bloco C – Documentos Fiscais I – Mercadorias (ICMS/IPI),C591,
Bloco C – Documentos Fiscais I – Mercadorias (ICMS/IPI),C592,
Bloco C – Documentos Fiscais I – Mercadorias (ICMS/IPI),C593,
Bloco C – Documentos Fiscais I – Mercadorias (ICMS/IPI),C594,
Bloco C – Documentos Fiscais I – Mercadorias (ICMS/IPI),C595,
Bloco C – Documentos Fiscais I – Mercadorias (ICMS/IPI),C596,
Bloco C – Documentos Fiscais I – Mercadorias (ICMS/IPI),C597,
Bloco C – Documentos Fiscais I – Mercadorias (ICMS/IPI),C598,
Bloco C – Documentos Fiscais I – Mercadorias (ICMS/IPI),C599,
Bloco C – Documentos Fiscais I – Mercadorias (ICMS/IPI),C600,
Bloco C – Documentos Fiscais I – Mercadorias (ICMS/IPI),C601,
Bloco C – Documentos Fiscais I – Mercadorias (ICMS/IPI),C602,
Bloco C – Documentos Fiscais I – Mercadorias (ICMS/IPI),C603,
Bloco C – Documentos Fiscais I – Mercadorias (ICMS/IPI),C604,
Bloco C – Documentos Fiscais I – Mercadorias (ICMS/IPI),C605,
Bloco C – Documentos Fiscais I – Mercadorias (ICMS/IPI),C606,
Bloco C – Documentos Fiscais I – Mercadorias (ICMS/IPI),C607,
Bloco C – Documentos Fiscais I – Mercadorias (ICMS/IPI),C608,
Bloco C – Documentos Fiscais I – Mercadorias (ICMS/IPI),C609,
Bloco C – Documentos Fiscais I – Mercadorias (ICMS/IPI),C610,
Bloco C – Documentos Fiscais I – Mercadorias (ICMS/IPI),C611,
Bloco C – Documentos Fiscais I – Mercadorias (ICMS/IPI),C612,
Bloco C – Documentos Fiscais I – Mercadorias (ICMS/IPI),C613,
Bloco C – Documentos Fiscais I – Mercadorias (ICMS/IPI),C614,
Bloco C – Documentos Fiscais I – Mercadorias (ICMS/IPI),C615,
Bloco C – Documentos Fiscais I – Mercadorias (ICMS/IPI),C616,
Bloco C – Documentos Fiscais I – Mercadorias (ICMS/IPI),C617,
Bloco C – Documentos Fiscais I – Mercadorias (ICMS/IPI),C618,
Bloco C – Documentos Fiscais I – Mercadorias (ICMS/IPI),C619,
Bloco C – Documentos Fiscais I – Mercadorias (ICMS/IPI),C620,
Bloco C – Documentos Fiscais I – Mercadorias (ICMS/IPI),C621,
Bloco C – Documentos Fiscais I – Mercadorias (ICMS/IPI),C622,
Bloco C – Documentos Fiscais I – Mercadorias (ICMS/IPI),C623,
Bloco C – Documentos Fiscais I – Mercadorias (ICMS/IPI),C624,
Bloco C – Documentos Fiscais I – Mercadorias (ICMS/IPI),C625,
Bloco C – Documentos Fiscais I – Mercadorias (ICMS/IPI),C626,
Bloco C – Documentos Fiscais I – Mercadorias (ICMS/IPI),C627,
Bloco C – Documentos Fiscais I – Mercadorias (ICMS/IPI),C628,
Bloco C – Documentos Fiscais I – Mercadorias (ICMS/IPI),C629,
Bloco C – Documentos Fiscais I – Mercadorias (ICMS/IPI),C630,
Bloco C – Documentos Fiscais I – Mercadorias (ICMS/IPI),C631,
Bloco C – Documentos Fiscais I – Mercadorias (ICMS/IPI),C632,
Bloco C – Documentos Fiscais I – Mercadorias (ICMS/IPI),C633,
Bloco C – Documentos Fiscais I – Mercadorias (ICMS/IPI),C634,
Bloco C – Documentos Fiscais I – Mercadorias (ICMS/IPI),C635,
Bloco C – Documentos Fiscais I – Mercadorias (ICMS/IPI),C636,
Bloco C – Documentos Fiscais I – Mercadorias (ICMS/IPI),C637,
Bloco C – Documentos Fiscais I – Mercadorias (ICMS/IPI),C638,
Bloco C – Documentos Fiscais I – Mercadorias (ICMS/IPI),C639,
Bloco C – Documentos Fiscais I – Mercadorias (ICMS/IPI),C640,
Bloco C – Documentos Fiscais I – Mercadorias (ICMS/IPI),C641,
Bloco C – Documentos Fiscais I – Mercadorias (ICMS/IPI),C642,
Bloco C – Documentos Fiscais I – Mercadorias (ICMS/IPI),C643,
Bloco C – Documentos Fiscais I – Mercadorias (ICMS/IPI),C644,
Bloco C – Documentos Fiscais I – Mercadorias (ICMS/IPI),C645,
Bloco C – Documentos Fiscais I – Mercadorias (ICMS/IPI),C646,
Bloco C – Documentos Fiscais I – Mercadorias (ICMS/IPI),C647,
Bloco C – Documentos Fiscais I – Mercadorias (ICMS/IPI),C648,
Bloco C – Documentos Fiscais I – Mercadorias (ICMS/IPI),C649,
Bloco C – Documentos Fiscais I – Mercadorias (ICMS/IPI),C650,
Bloco C – Documentos Fiscais I – Mercadorias (ICMS/IPI),C651,
Bloco C – Documentos Fiscais I – Mercadorias (ICMS/IPI),C652,
Bloco C – Documentos Fiscais I – Mercadorias (ICMS/IPI),C653,
Bloco C – Documentos Fiscais I – Mercadorias (ICMS/IPI),C654,
Bloco C – Documentos Fiscais I – Mercadorias (ICMS/IPI),C655,
Bloco C – Documentos Fiscais I – Mercadorias (ICMS/IPI),C656,
Bloco C – Documentos Fiscais I – Mercadorias (ICMS/IPI),C657,
Bloco C – Documentos Fiscais I – Mercadorias (ICMS/IPI),C658,
Bloco C – Documentos Fiscais I – Mercadorias (ICMS/IPI),C659,
Bloco C – Documentos Fiscais I – Mercadorias (ICMS/IPI),C660,
Bloco C – Documentos Fiscais I – Mercadorias (ICMS/IPI),C661,
Bloco C – Documentos Fiscais I – Mercadorias (ICMS/IPI),C662,
Bloco C – Documentos Fiscais I – Mercadorias (ICMS/IPI),C663,
Bloco C – Documentos Fiscais I – Mercadorias (ICMS/IPI),C664,
Bloco C – Documentos Fiscais I – Mercadorias (ICMS/IPI),C665,
Bloco C – Documentos Fiscais I – Mercadorias (ICMS/IPI),C666,
Bloco C – Documentos Fiscais I – Mercadorias (ICMS/IPI),C667,
Bloco C – Documentos Fiscais I – Mercadorias (ICMS/IPI),C668,
Bloco C – Documentos Fiscais I – Mercadorias (ICMS/IPI),C669,
Bloco C – Documentos Fiscais I – Mercadorias (ICMS/IPI),C670,
Bloco C – Documentos Fiscais I – Mercadorias (ICMS/IPI),C671,
Bloco C – Documentos Fiscais I – Mercadorias (ICMS/IPI),C672,
Bloco C – Documentos Fiscais I – Mercadorias (ICMS/IPI),C673,
Bloco C – Documentos Fiscais I – Mercadorias (ICMS/IPI),C674,
Bloco C – Documentos Fiscais I – Mercadorias (ICMS/IPI),C675,
Bloco C – Documentos Fiscais I – Mercadorias (ICMS/IPI),C676,
Bloco C – Documentos Fiscais I – Mercadorias (ICMS/IPI),C677,
Bloco C – Documentos Fiscais I – Mercadorias (ICMS/IPI),C678,
Bloco C – Documentos Fiscais I – Mercadorias (ICMS/IPI),C679,
Bloco C – Documentos Fiscais I – Mercadorias (ICMS/IPI),C680,
Bloco C – Documentos Fiscais I – Mercadorias (ICMS/IPI),C681,
Bloco C – Documentos Fiscais I – Mercadorias (ICMS/IPI),C682,
Bloco C – Documentos Fiscais I – Mercadorias (ICMS/IPI),C683,
Bloco C – Documentos Fiscais I – Mercadorias (ICMS/IPI),C684,
Bloco C – Documentos Fiscais I – Mercadorias (ICMS/IPI),C685,
Bloco C – Documentos Fiscais I – Mercadorias (ICMS/IPI),C686,
Bloco C – Documentos Fiscais I – Mercadorias (ICMS/IPI),C687,
Bloco C – Documentos Fiscais I – Mercadorias (ICMS/IPI),C688,
Bloco C – Documentos Fiscais I – Mercadorias (ICMS/IPI),C689,
Bloco C – Documentos Fiscais I – Mercadorias (ICMS/IPI),C690,
Bloco C – Documentos Fiscais I – Mercadorias (ICMS/IPI),C691,
Bloco C – Documentos Fiscais I – Mercadorias (ICMS/IPI),C692,
Bloco C – Documentos Fiscais I – Mercadorias (ICMS/IPI),C693,
Bloco C – Documentos Fiscais I – Mercadorias (ICMS/IPI),C694,
Bloco C – Documentos Fiscais I – Mercadorias (ICMS/IPI),C695,
Bloco C – Documentos Fiscais I – Mercadorias (ICMS/IPI),C696,
Bloco C – Documentos Fiscais I – Mercadorias (ICMS/IPI),C697,
Bloco C – Documentos Fiscais I – Mercadorias (ICMS/IPI),C698,
Bloco C – Documentos Fiscais I – Mercadorias (ICMS/IPI),C699,
Bloco C – Documentos Fiscais I – Mercadorias (ICMS/IPI),C700,
Bloco C – Documentos Fiscais I – Mercadorias (ICMS/IPI),C701,
Bloco C – Documentos Fiscais I – Mercadorias (ICMS/IPI),C702,
Bloco C – Documentos Fiscais I – Mercadorias (ICMS/IPI),C703,
Bloco C – Documentos Fiscais I – Mercadorias (ICMS/IPI),C704,
Bloco C – Documentos Fiscais I – Mercadorias (ICMS/IPI),C705,
Bloco C – Documentos Fiscais I – Mercadorias (ICMS/IPI),C706,
Bloco C – Documentos Fiscais I – Mercadorias (ICMS/IPI),C707,
Bloco C – Documentos Fiscais I – Mercadorias (ICMS/IPI),C708,
Bloco C – Documentos Fiscais I – Mercadorias (ICMS/IPI),C709,
Bloco C – Documentos Fiscais I – Mercadorias (ICMS/IPI),C710,
Bloco C – Documentos Fiscais I – Mercadorias (ICMS/IPI),C711,
Bloco C – Documentos Fiscais I – Mercadorias (ICMS/IPI),C712,
Bloco C – Documentos Fiscais I – Mercadorias (ICMS/IPI),C713,
Bloco C – Documentos Fiscais I – Mercadorias (ICMS/IPI),C714,
Bloco C – Documentos Fiscais I – Mercadorias (ICMS/IPI),C715,
Bloco C – Documentos Fiscais I – Mercadorias (ICMS/IPI),C716,
Bloco C – Documentos Fiscais I – Mercadorias (ICMS/IPI),C717,
Bloco C – Documentos Fiscais I – Mercadorias (ICMS/IPI),C718,
Bloco C – Documentos Fiscais I – Mercadorias (ICMS/IPI),C719,
Bloco C – Documentos Fiscais I – Mercadorias (ICMS/IPI),C720,
Bloco C – Documentos Fiscais I – Mercadorias (ICMS/IPI),C721,
Bloco C – Documentos Fiscais I – Mercadorias (ICMS/IPI),C722,
Bloco C – Documentos Fiscais I – Mercadorias (ICMS/IPI),C723,
Bloco C – Documentos Fiscais I – Mercadorias (ICMS/IPI),C724,
Bloco C – Documentos Fiscais I – Mercadorias (ICMS/IPI),C725,
Bloco C – Documentos Fiscais I – Mercadorias (ICMS/IPI),C726,
Bloco C – Documentos Fiscais I – Mercadorias (ICMS/IPI),C727,
Bloco C – Documentos Fiscais I – Mercadorias (ICMS/IPI),C728,
Bloco C – Documentos Fiscais I – Mercadorias (ICMS/IPI),C729,
Bloco C – Documentos Fiscais I – Mercadorias (ICMS/IPI),C730,
Bloco C – Documentos Fiscais I – Mercadorias (ICMS/IPI),C731,
Bloco C – Documentos Fiscais I – Mercadorias (ICMS/IPI),C732,
Bloco C – Documentos Fiscais I – Mercadorias (ICMS/IPI),C733,
Bloco C – Documentos Fiscais I – Mercadorias (ICMS/IPI),C734,
Bloco C – Documentos Fiscais I – Mercadorias (ICMS/IPI),C735,
Bloco C – Documentos Fiscais I – Mercadorias (ICMS/IPI),C736,
Bloco C – Documentos Fiscais I – Mercadorias (ICMS/IPI),C737,
Bloco C – Documentos Fiscais I – Mercadorias (ICMS/IPI),C738,
Bloco C – Documentos Fiscais I – Mercadorias (ICMS/IPI),C739,
Bloco C – Documentos Fiscais I – Mercadorias (ICMS/IPI),C740,
Bloco C – Documentos Fiscais I – Mercadorias (ICMS/IPI),C741,
Bloco C – Documentos Fiscais I – Mercadorias (ICMS/IPI),C742,
Bloco C – Documentos Fiscais I – Mercadorias (ICMS/IPI),C743,
Bloco C – Documentos Fiscais I – Mercadorias (ICMS/IPI),C744,
Bloco C – Documentos Fiscais I – Mercadorias (ICMS/IPI),C745,
Bloco C – Documentos Fiscais I – Mercadorias (ICMS/IPI),C746,
Bloco C – Documentos Fiscais I – Mercadorias (ICMS/IPI),C747,
Bloco C – Documentos Fiscais I – Mercadorias (ICMS/IPI),C748,
Bloco C – Documentos Fiscais I – Mercadorias (ICMS/IPI),C749,
Bloco C – Documentos Fiscais I – Mercadorias (ICMS/IPI),C750,
Bloco C – Documentos Fiscais I – Mercadorias (ICMS/IPI),C751,
Bloco C – Documentos Fiscais I – Mercadorias (ICMS/IPI),C752,
Bloco C – Documentos Fiscais I – Mercadorias (ICMS/IPI),C753,
Bloco C – Documentos Fiscais I – Mercadorias (ICMS/IPI),C754,
Bloco C – Documentos Fiscais I – Mercadorias (ICMS/IPI),C755,
Bloco C – Documentos Fiscais I – Mercadorias (ICMS/IPI),C756,
Bloco C – Documentos Fiscais I – Mercadorias (ICMS/IPI),C757,
Bloco C – Documentos Fiscais I – Mercadorias (ICMS/IPI),C758,
Bloco C – Documentos Fiscais I – Mercadorias (ICMS/IPI),C759,
Bloco C – Documentos Fiscais I – Mercadorias (ICMS/IPI),C760,
Bloco C – Documentos Fiscais I – Mercadorias (ICMS/IPI),C761,
Bloco C – Documentos Fiscais I – Mercadorias (ICMS/IPI),C762,
Bloco C – Documentos Fiscais I – Mercadorias (ICMS/IPI),C763,
Bloco C – Documentos Fiscais I – Mercadorias (ICMS/IPI),C764,
Bloco C – Documentos Fiscais I – Mercadorias (ICMS/IPI),C765,
Bloco C – Documentos Fiscais I – Mercadorias (ICMS/IPI),C766,
Bloco C – Documentos Fiscais I – Mercadorias (ICMS/IPI),C767,
Bloco C – Documentos Fiscais I – Mercadorias (ICMS/IPI),C768,
Bloco C – Documentos Fiscais I – Mercadorias (ICMS/IPI),C769,
Bloco C – Documentos Fiscais I – Mercadorias (ICMS/IPI),C770,
Bloco C – Documentos Fiscais I – Mercadorias (ICMS/IPI),C771,
Bloco C – Documentos Fiscais I – Mercadorias (ICMS/IPI),C772,
Bloco C – Documentos Fiscais I – Mercadorias (ICMS/IPI),C773,
Bloco C – Documentos Fiscais I – Mercadorias (ICMS/IPI),C774,
Bloco C – Documentos Fiscais I – Mercadorias (ICMS/IPI),C775,
Bloco C – Documentos Fiscais I – Mercadorias (ICMS/IPI),C776,
Bloco C – Documentos Fiscais I – Mercadorias (ICMS/IPI),C777,
Bloco C – Documentos Fiscais I – Mercadorias (ICMS/IPI),C778,
Bloco C – Documentos Fiscais I – Mercadorias (ICMS/IPI),C779,
Bloco C – Documentos Fiscais I – Mercadorias (ICMS/IPI),C780,
Bloco C – Documentos Fiscais I – Mercadorias (ICMS/IPI),C781,
Bloco C – Documentos Fiscais I – Mercadorias (ICMS/IPI),C782,
Bloco C – Documentos Fiscais I – Mercadorias (ICMS/IPI),C783,
Bloco C – Documentos Fiscais I – Mercadorias (ICMS/IPI),C784,
Bloco C – Documentos Fiscais I – Mercadorias (ICMS/IPI),C785,
Bloco C – Documentos Fiscais I – Mercadorias (ICMS/IPI),C786,
Bloco C – Documentos Fiscais I – Mercadorias (ICMS/IPI),C787,
Bloco C – Documentos Fiscais I – Mercadorias (ICMS/IPI),C788,
Bloco C – Documentos Fiscais I – Mercadorias (ICMS/IPI),C789,
Bloco C – Documentos Fiscais I – Mercadorias (ICMS/IPI),C790,
Bloco C – Documentos Fiscais I – Mercadorias (ICMS/IPI),C791,
Bloco C – Documentos Fiscais I – Mercadorias (ICMS/IPI),C792,
Bloco C – Documentos Fiscais I – Mercadorias (ICMS/IPI),C793,
Bloco C – Documentos Fiscais I – Mercadorias (ICMS/IPI),C794,
Bloco C – Documentos Fiscais I – Mercadorias (ICMS/IPI),C795,
Bloco C – Documentos Fiscais I – Mercadorias (ICMS/IPI),C796,
Bloco C – Documentos Fiscais I – Mercadorias (ICMS/IPI),C797,
Bloco C – Documentos Fiscais I – Mercadorias (ICMS/IPI),C798,
Bloco C – Documentos Fiscais I – Mercadorias (ICMS/IPI),C799,
Bloco C – Documentos Fiscais I – Mercadorias (ICMS/IPI),C800,
Bloco C – Documentos Fiscais I – Mercadorias (ICMS/IPI),C850,
Bloco C – Documentos Fiscais I – Mercadorias (ICMS/IPI),C860,
Bloco C – Documentos Fiscais I – Mercadorias (ICMS/IPI),C890,
Bloco C – Documentos Fiscais I – Mercadorias (ICMS/IPI),C990,Encerramento do Bloco C
Bloco D – Documentos Fiscais II – Serviços (ICMS),D001,Abertura do Bloco D
Bloco D – Documentos Fiscais II – Serviços (ICMS),D100,
Bloco D – Documentos Fiscais II – Serviços (ICMS),D101,
Bloco D – Documentos Fiscais II – Serviços (ICMS),D110,
Bloco D – Documentos Fiscais II – Serviços (ICMS),D120,
Bloco D – Documentos Fiscais II – Serviços (ICMS),D130,
Bloco D – Documentos Fiscais II – Serviços (ICMS),D140,
Bloco D – Documentos Fiscais II – Serviços (ICMS),D150,
Bloco D – Documentos Fiscais II – Serviços (ICMS),D160,
Bloco D – Documentos Fiscais II – Serviços (ICMS),D161,
Bloco D – Documentos Fiscais II – Serviços (ICMS),D162,
Bloco D – Documentos Fiscais II – Serviços (ICMS),D170,
Bloco D – Documentos Fiscais II – Serviços (ICMS),D180,
Bloco D – Documentos Fiscais II – Serviços (ICMS),D190,
Bloco D – Documentos Fiscais II – Serviços (ICMS),D195,
Bloco D – Documentos Fiscais II – Serviços (ICMS),D197,
Bloco D – Documentos Fiscais II – Serviços (ICMS),D300,
Bloco D – Documentos Fiscais II – Serviços (ICMS),D301,
Bloco D – Documentos Fiscais II – Serviços (ICMS),D310,
Bloco D – Documentos Fiscais II – Serviços (ICMS),D350,
Bloco D – Documentos Fiscais II – Serviços (ICMS),D355,
Bloco D – Documentos Fiscais II – Serviços (ICMS),D360,
Bloco D – Documentos Fiscais II – Serviços (ICMS),D365,
Bloco D – Documentos Fiscais II – Serviços (ICMS),D370,
Bloco D – Documentos Fiscais II – Serviços (ICMS),D390,
Bloco D – Documentos Fiscais II – Serviços (ICMS),D400,
Bloco D – Documentos Fiscais II – Serviços (ICMS),D410,
Bloco D – Documentos Fiscais II – Serviços (ICMS),D411,
Bloco D – Documentos Fiscais II – Serviços (ICMS),D420,
Bloco D – Documentos Fiscais II – Serviços (ICMS),D500,
Bloco D – Documentos Fiscais II – Serviços (ICMS),D510,
Bloco D – Documentos Fiscais II – Serviços (ICMS),D530,
Bloco D – Documentos Fiscais II – Serviços (ICMS),D590,
Bloco D – Documentos Fiscais II – Serviços (ICMS),D600,
Bloco D – Documentos Fiscais II – Serviços (ICMS),D610,
Bloco D – Documentos Fiscais II – Serviços (ICMS),D690,
Bloco D – Documentos Fiscais II – Serviços (ICMS),D695,
Bloco D – Documentos Fiscais II – Serviços (ICMS),D696,
Bloco D – Documentos Fiscais II – Serviços (ICMS),D697,
Bloco D – Documentos Fiscais II – Serviços (ICMS),D990,Encerramento do Bloco D
Bloco E – Apuração do ICMS e do IPI,E001,
Bloco E – Apuração do ICMS e do IPI,E100,
Bloco E – Apuração do ICMS e do IPI,E110,
Bloco E – Apuração do ICMS e do IPI,E111,
Bloco E – Apuração do ICMS e do IPI,E112,
Bloco E – Apuração do ICMS e do IPI,E113,
Bloco E – Apuração do ICMS e do IPI,E115,
Bloco E – Apuração do ICMS e do IPI,E116,
Bloco E – Apuração do ICMS e do IPI,E200,
Bloco E – Apuração do ICMS e do IPI,E210,
Bloco E – Apuração do ICMS e do IPI,E220,
Bloco E – Apuração do ICMS e do IPI,E230,
Bloco E – Apuração do ICMS e do IPI,E240,
Bloco E – Apuração do ICMS e do IPI,E250,
Bloco E – Apuração do ICMS e do IPI,E300,
Bloco E – Apuração do ICMS e do IPI,E310,
Bloco E – Apuração do ICMS e do IPI,E311,
Bloco E – Apuração do ICMS e do IPI,E312,
Bloco E – Apuração do ICMS e do IPI,E313,
Bloco E – Apuração do ICMS e do IPI,E316,
Bloco E – Apuração do ICMS e do IPI,E500,
Bloco E – Apuração do ICMS e do IPI,E510,
Bloco E – Apuração do ICMS e do IPI,E520,
Bloco E – Apuração do ICMS e do IPI,E530,
Bloco E – Apuração do ICMS e do IPI,E531,
Bloco E – Apuração do ICMS e do IPI,E990,
Bloco G – Controle do Crédito de ICMS do Ativo Permanente – CIAP,G001,
Bloco G – Controle do Crédito de ICMS do Ativo Permanente – CIAP,G110,
Bloco G – Controle do Crédito de ICMS do Ativo Permanente – CIAP,G125,
Bloco G – Controle do Crédito de ICMS do Ativo Permanente – CIAP,G126,
Bloco G – Controle do Crédito de ICMS do Ativo Permanente – CIAP,G130,
Bloco G – Controle do Crédito de ICMS do Ativo Permanente – CIAP,G140,
Bloco G – Controle do Crédito de ICMS do Ativo Permanente – CIAP,G990,
Bloco H – Inventário Físico,H001,
Bloco H – Inventário Físico,H005,
Bloco H – Inventário Físico,H010,
Bloco H – Inventário Físico,H020,
Bloco H – Inventário Físico,H990,
Bloco K – Controle da Produção e do Estoque,K001,
Bloco K – Controle da Produção e do Estoque,K100,
Bloco K – Controle da Produção e do Estoque,K200,
Bloco K – Controle da Produção e do Estoque,K210,
Bloco K – Controle da Produção e do Estoque,K215,
Bloco K – Controle da Produção e do Estoque,K220,
Bloco K – Controle da Produção e do Estoque,K230,
Bloco K – Controle da Produção e do Estoque,K235,
Bloco K – Controle da Produção e do Estoque,K250,
Bloco K – Controle da Produção e do Estoque,K255,
Bloco K – Controle da Produção e do Estoque,K260,
Bloco K – Controle da Produção e do Estoque,K265,
Bloco K – Controle da Produção e do Estoque,K270,
Bloco K – Controle da Produção e do Estoque,K275,
Bloco K – Controle da Produção e do Estoque,K280,
Bloco K – Controle da Produção e do Estoque,K990,
Bloco 1 – Outras Informações,1001,
Bloco 1 – Outras Informações,1010,
Bloco 1 – Outras Informações,1100,
Bloco 1 – Outras Informações,1105,
Bloco 1 – Outras Informações,1110,
Bloco 1 – Outras Informações,1200,
Bloco 1 – Outras Informações,1210,
Bloco 1 – Outras Informações,1300,
Bloco 1 – Outras Informações,1310,
Bloco 1 – Outras Informações,1320,
Bloco 1 – Outras Informações,1350,
Bloco 1 – Outras Informações,1360,
Bloco 1 – Outras Informações,1370,
Bloco 1 – Outras Informações,1390,
Bloco 1 – Outras Informações,1391,
Bloco 1 – Outras Informações,1400,
Bloco 1 – Outras Informações,1500,
Bloco 1 – Outras Informações,1510,
Bloco 1 – Outras Informações,1600,
Bloco 1 – Outras Informações,1700,
Bloco 1 – Outras Informações,1710,
Bloco 1 – Outras Informações,1800,
Bloco 1 – Outras Informações,1900,
Bloco 1 – Outras Informações,1910,
Bloco 1 – Outras Informações,1920,
Bloco 1 – Outras Informações,1921,
Bloco 1 – Outras Informações,1922,
Bloco 1 – Outras Informações,1923,
Bloco 1 – Outras Informações,1925,
Bloco 1 – Outras Informações,1926,
Bloco 1 – Outras Informações,1990,
Bloco 9 – Controle e Encerramento do Arquivo Digital,9001,
Bloco 9 – Controle e Encerramento do Arquivo Digital,9900,
Bloco 9 – Controle e Encerramento do Arquivo Digital,9990,
Bloco 9 – Controle e Encerramento do Arquivo Digital,9999,
